job title,covered skills,missing skills,intersecting course skills,gt label
Adobe_AI_ML_Engineer,"{'Communication', 'Testing', 'Python', 'Teamwork', 'Quality Assurance', 'Debugging'}","{'Bug fixing', 'Analytical skills', 'Maintaining software applications', 'Ruby', 'Front-end frameworks', 'Planning', 'High performance', 'Code Review', 'Strong communication skills', 'Reliability', 'Vue', 'Collaboration', 'Angular', 'Customer needs', 'Problem Solving Skills', 'Knowledge sharing', 'React.js', 'JavaScript', 'Development', 'DevOps', 'Programming', 'Design', 'Feedback', 'Efficiency', 'Code/API documentation'}","[('CS314', ['Communication', 'Teamwork']), ('CS150', ['Python']), ('CS345', ['Python']), ('CS320', ['Python']), ('CS164', ['Quality Assurance', 'Debugging', 'Testing']), ('CS220', ['Python']), ('CS214', ['Debugging']), ('CS445', ['Python'])]",0.19354838709677424
Adobe_Junior_SDE,"{'Teamwork', 'Java', 'Security'}","{'Decision making', 'CI/CD methodologies', 'Terraform', 'Improvement', 'Cloud Technology', 'Quality control', 'Designing Features', 'Lean-Agile environment', 'Observability', 'Cloud computing', 'Distributed systems', 'Shift Quality', 'Architecture Design', 'Adobe Commerce', 'Infrastructure Development', 'Software Development', 'Automated tests', 'Knowledge sharing', 'Quality Insights', 'Agile development', 'CI systems', 'Magento', 'Development', 'DevOps', 'Clusters', 'SaaS Design Principles', 'SQL', 'Metrics', 'Programming', 'Innovation', 'Efficiency', 'Monitoring', 'Scalability', 'Spring Boot', 'PHP', 'Compliance', 'Containerization', 'Product development', 'Performance'}","[('CS314', ['Java', 'Teamwork']), ('CS165', ['Java']), ('CS150', ['Security']), ('CS110', ['Security']), ('CS162', ['Java']), ('CS164', ['Java']), ('CS214', ['Java'])]",0.0714285714285714
Adobe_Software_Engineering_Intern,"{'Communication', 'Python', 'C++', 'Networking', 'Teamwork', 'Algorithms', 'Java'}","{'Interpersonal Skills', 'Machine learning', 'Data structures', 'Analytical skills', 'Adobe Experience Manager', 'Cloud Engineering', 'Artificial Intelligence (AI)', 'JavaScript', 'OOP/Func Paradigms', 'Programming', 'Design', 'Cloud Technology', 'Backend development', 'Node.js'}","[('CS314', ['Networking', 'Communication', 'Java', 'Teamwork']), ('CS165', ['Java', 'Algorithms']), ('CS150', ['Python']), ('CS162', ['Java']), ('CS270', ['C++']), ('CS345', ['Python']), ('CS320', ['Python']), ('CS164', ['Java', 'Algorithms']), ('CS152', ['Algorithms']), ('CS220', ['Python']), ('CS214', ['Java']), ('CS445', ['Python'])]",0.33333333333333337
Adobe_Software_Quality_Engineer,"{'Communication', 'Quality Assurance', 'Testing'}","{'Testing Methodologies', 'Collaboration', 'Analytical skills', 'React.js', 'HTML', 'TypeScript', 'JavaScript', 'Time management', 'Implementation', 'High performance', 'Programming', 'Deployment', 'Problem Solving Skills', 'Scripting', 'Testing Workflows', 'Web Debugging Tools', 'Open source tools'}","[('CS314', ['Communication']), ('CS164', ['Quality Assurance', 'Testing'])]",0.15000000000000002
Adobe_Software_Solutions_Architect,"{'Optimization', 'Communication', 'Security', 'Research', 'Teamwork'}","{'Analytical skills', 'Mobile technologies', 'Continuous improvement (CI)', 'Adobe Cloud Solutions', 'Web development', 'Effective Communication', 'Architecture Solutions', 'Data Mining', 'Team collaboration', 'Data storage', 'Collaboration', 'Product adoption', 'Automation', 'Customer engagement', 'Solution architecture', 'Technical leadership', 'CRM systems', 'REST APIs', 'Customer needs', 'Architecture Design', 'Resolution Drive', 'Problem Solving Skills', 'Strategic planning', 'Actionable Insights', 'Progress Management', 'Adobe Marketo', 'Interpersonal Skills', 'Tooling', 'Enterprise Architecture', 'JavaScript', 'Recommendation Systems', 'Implementation', 'Creative Solutions', 'Programming', 'Feedback', 'Leadership', 'Innovation', 'Cross-Device Tracking platforms', 'Product Advancements', 'Product Management', 'Data Management Platforms (DMPs)', 'Email systems', 'Data management', 'Demand-side Platforms (DSPs)', 'HTML', 'Product development', 'Data Retention', 'Performance'}","[('CS314', ['Optimization', 'Communication', 'Teamwork']), ('CS150', ['Research', 'Security']), ('CS110', ['Research', 'Security'])]",0.09433962264150941
Amazon_Cloud_Support_Engineer_ETL,"{'Operating Systems', 'Python', 'Networking', 'Quality Assurance', 'Java'}","{'Pig', 'Operational efficiency', 'Continuous improvement (CI)', 'Mentorship', 'Big data', 'Apache Spark', 'Cloud computing', 'Collaboration', 'Automation', 'Data analysis', 'Customer engagement', 'Technical leadership', 'Transform', 'Customer needs', 'Problem Solving Skills', 'Software Development', 'HDFS', 'Knowledge sharing', 'Data lake architecture', 'Extract', 'Load (ETL)', 'SQL', 'Programming', 'Shell', 'Innovation', 'Efficiency', 'Hadoop ecosystems', 'Advanced Troubleshooting Techniques', 'Scala', 'NoSQL', 'Troubleshooting', 'Apache Hive', 'HBASE'}","[('CS314', ['Networking', 'Java']), ('CS165', ['Java']), ('CS370', ['Operating Systems']), ('CS150', ['Python']), ('CS162', ['Java']), ('CS345', ['Python']), ('CS320', ['Python']), ('CS164', ['Java', 'Quality Assurance']), ('CS220', ['Python']), ('CS214', ['Java']), ('CS445', ['Python'])]",0.13157894736842102
Amazon_Graduate_Software_Engineer,"{'Optimization', 'Communication', 'Abstraction', 'Python', 'C++', 'Fault Tolerance', 'Teamwork', 'Algorithms', 'Java'}","{'Data structures', 'Analytical skills', 'Object-oriented design', 'Collaboration', 'Customer engagement', 'Relational databases', 'Agile environment', 'Distributed systems', 'Problem Solving Skills', 'Creating solutions for distributed systems', 'Complexity analysis', 'Algorithm design', 'Designing and building innovative technologies', 'Leadership', 'Innovation', 'Efficiency', 'Scalability', 'Distributed storage', 'Technical articulation'}","[('CS314', ['Optimization', 'Communication', 'Java', 'Teamwork']), ('CS165', ['Java', 'Algorithms']), ('CS150', ['Python']), ('CS455', ['Abstraction']), ('CS162', ['Java', 'Abstraction']), ('CS270', ['C++']), ('CS345', ['Python']), ('CS320', ['Python']), ('CS458', ['Fault Tolerance']), ('CS164', ['Java', 'Algorithms']), ('CS152', ['Algorithms']), ('CS220', ['Python']), ('CS214', ['Java']), ('CS445', ['Python'])]",0.3214285714285714
Amazon_SDE_AI_ML,"{'Operating Systems', 'Optimization', 'Security', 'Python', 'C++', 'Research', 'Algorithms', 'Java'}","{'Data structures', 'Object-oriented design', 'Generative AI', 'Data Mining', 'Cloud computing', 'Collaboration', 'Automation', 'Relational databases', 'Distributed systems', 'Problem Solving Skills', 'Amazon Web Services (AWS)', 'Complexity analysis', 'Transformative AI Solutions', 'Coding skills', 'C#', 'System Design', 'Innovation', 'Scalability', 'Machine learning', 'Artificial Intelligence (AI)'}","[('CS314', ['Optimization', 'Java']), ('CS165', ['Java', 'Algorithms']), ('CS370', ['Operating Systems']), ('CS150', ['Python', 'Research', 'Security']), ('CS110', ['Research', 'Security']), ('CS162', ['Java']), ('CS270', ['C++']), ('CS345', ['Python']), ('CS320', ['Python']), ('CS164', ['Java', 'Algorithms']), ('CS152', ['Algorithms']), ('CS220', ['Python']), ('CS214', ['Java']), ('CS445', ['Python'])]",0.2857142857142857
Amazon_SDE_Cloud,"{'Optimization', 'Security', 'Python', 'C++', 'Networking', 'Quality Assurance', 'Java'}","{'Data structures', 'Object-oriented design', 'Data Mining', 'Collaboration', 'Automation', 'Customer engagement', 'Distributed systems', 'Problem Solving Skills', 'Software Development', 'Amazon Web Services (AWS)', 'Complexity analysis', 'Innovative technologies', 'Algorithm design', 'Programming', 'C#', 'Leadership', 'Innovation', 'Scalability', 'Compute technologies'}","[('CS314', ['Networking', 'Optimization', 'Java']), ('CS165', ['Java']), ('CS150', ['Python', 'Security']), ('CS110', ['Security']), ('CS162', ['Java']), ('CS270', ['C++']), ('CS345', ['Python']), ('CS320', ['Python']), ('CS164', ['Java', 'Quality Assurance']), ('CS220', ['Python']), ('CS214', ['Java']), ('CS445', ['Python'])]",0.2692307692307693
Amazon_SDE_Embedded_Dev,"{'Operating Systems', 'Databases', 'Abstraction', 'Fault Tolerance', 'C', 'Teamwork', 'Algorithms', 'Java'}","{'Multi-tenant Systems', 'Relational databases', 'Agile environment', 'Distributed systems', 'Problem Solving Skills', 'Disaster Recovery', 'Availability', 'Transactional Systems', 'Creative Solutions', 'Programming', 'Innovation', 'Efficiency', 'Rust', 'Creating new products', 'Nonlinear Optimization', 'Scalability', 'Distributed storage', 'Kernel', 'Large Scale Databases', 'Compute technologies', 'Linear Programming'}","[('CS314', ['Java', 'Teamwork', 'Databases']), ('CS165', ['Java', 'Algorithms']), ('CS370', ['Operating Systems']), ('CS455', ['Abstraction']), ('CS162', ['Java', 'Abstraction']), ('CS270', ['C']), ('CS250', ['Databases']), ('CS458', ['Fault Tolerance']), ('CS110 - Modules', ['Databases']), ('CS164', ['Java', 'Algorithms']), ('CS152', ['Algorithms']), ('CS214', ['Java']), ('CS312', ['Databases'])]",0.27586206896551724
Amazon_SDE_I,"{'Operating Systems', 'Optimization', 'Communication', 'Abstraction', 'C++', 'Quality Assurance', 'Algorithms', 'Java'}","{'Analytical skills', 'Object-oriented design', 'Collaboration', 'Articulation', 'Relational databases', 'Agile environment', 'Distributed systems', 'Problem Solving Skills', 'Ambiguity Management', 'Performance engineering', 'Agile development', 'Programming', 'File systems', 'C#', 'System Design', 'Innovation', 'Resource management', 'Job scheduling', 'Kernel'}","[('CS314', ['Optimization', 'Communication', 'Java']), ('CS165', ['Java', 'Algorithms']), ('CS370', ['Operating Systems']), ('CS455', ['Abstraction']), ('CS162', ['Java', 'Abstraction']), ('CS270', ['C++']), ('CS164', ['Java', 'Quality Assurance', 'Algorithms']), ('CS152', ['Algorithms']), ('CS214', ['Java'])]",0.2962962962962963
Amazon_SDE_Query_Optimization,"{'Operating Systems', 'Optimization', 'Python', 'C++', 'Research', 'Teamwork', 'Algorithms', 'Java'}","{'Algorithmic Expertise', 'Distributed', 'Deep learning', 'Analytical skills', 'Data structures', 'Object-oriented design', 'Performance', 'Innovative Engineers', 'Cloud computing', 'Collaboration', 'Amazon Redshift', 'Relational databases', 'Problem Solving Skills', 'Database management', 'Complexity analysis', 'Programming', 'Coding skills', 'Parallel Execution Engine', 'Query Analysis', 'C#', 'Innovation', 'Perl', 'Requirements gathering', 'Query optimization', 'Cloud Data Warehouse', 'multi-tiered systems'}","[('CS314', ['Optimization', 'Java', 'Teamwork']), ('CS165', ['Java', 'Algorithms']), ('CS370', ['Operating Systems']), ('CS150', ['Python', 'Research']), ('CS110', ['Research']), ('CS162', ['Java']), ('CS270', ['C++']), ('CS345', ['Python']), ('CS320', ['Python']), ('CS164', ['Java', 'Algorithms']), ('CS152', ['Algorithms']), ('CS220', ['Python']), ('CS214', ['Java']), ('CS445', ['Python'])]",0.23529411764705888
Amex_Backend_Engineer,"{'Communication', 'Docker', 'Teamwork', 'Maven', 'Java', 'Microservices'}","{'Object-oriented design', 'Web development', 'Contribution', 'User Interfaces (UI)', 'Relational databases', 'Performance Monitoring Tools', 'Database management', 'Cloud infrastructure', 'Software Development', 'Continuous Delivery (CD)', 'Knowledge sharing', 'Agile development', 'React.js', 'JavaScript', 'Programming', 'Coding skills', 'Design', 'Kubernetes', 'Trend Identification', 'Vert.x', 'Cutting edge technology', 'Spring Webflux', 'Open source tools', 'Jenkins', 'Spring Boot', 'NoSQL', 'Application Design', 'Event driven micro services architecture'}","[('CS314', ['Communication', 'Docker', 'Teamwork', 'Maven', 'Java']), ('CS165', ['Java']), ('CS162', ['Java']), ('CS164', ['Java']), ('CS214', ['Java']), ('CS312', ['Microservices'])]",0.17647058823529416
Amex_Engineer_Java,"{'Communication', 'Python', 'Consistency', 'C++', 'Documentation', 'Teamwork', 'Algorithms', 'Java'}","{'Data structures', 'Analytical skills', 'Object-oriented design', 'Oracle', 'Continuous improvement (CI)', 'Analyzing Workflow', 'Consistent Development Practices', 'Mentorship', 'Team collaboration', 'User Interfaces (UI)', 'Customer engagement', 'XML', 'Relational databases', 'Distributed systems', 'Problem Solving Skills', 'Software architecture', 'Software Development', 'Backend development', 'Node.js', 'Automated tests', 'Cross-channel Communications', 'React.js', 'Web Services', 'Innovative ideas', 'Multithreading programming', 'JSON', 'Programming', 'Coding skills', 'Design', 'Support Applications', 'Leadership', 'Efficiency', 'Agile methodology', 'Monitoring', 'Requirements gathering', 'NoSQL', 'Accountability', 'Application Design', 'Deployment', 'PostgreSQL', 'Reusable'}","[('CS314', ['Communication', 'Java', 'Teamwork']), ('CS165', ['Java', 'Algorithms']), ('CS150', ['Python']), ('CS455', ['Consistency']), ('CS162', ['Java']), ('CS270', ['C++']), ('CS345', ['Python']), ('CS320', ['Python']), ('CS164', ['Java', 'Algorithms']), ('CS152', ['Algorithms']), ('CS220', ['Python']), ('CS214', ['Java', 'Documentation']), ('CS445', ['Python'])]",0.16326530612244894
Amex_Software_Engineer,"{'Communication', 'Databases', 'Python', 'C++', 'Teamwork', 'Git', 'Java', 'Microservices'}","{'Analytical skills', 'GitHub Actions', 'Quality Commitment', 'SecOps', 'Cloud Technology', 'data pipelines', 'Cloud computing', 'Collaboration', 'CircleCI', 'CICD pipelines', 'Technical leadership', 'Transform', 'Strong analytical skills', 'Caching Strategies', 'Runtimes', 'Database management', 'Golang', 'Software Development', 'EKS', 'SoC', 'TDD', 'Site Reliability Engineering (SRE)', 'Model', 'CloudOps', 'JavaScript', 'OOP/Func Paradigms', 'DevOps', 'Extract', 'Load (ETL)', 'SQL', 'Programming', 'Kubernetes', 'async/event-based', 'Innovation', 'Software Engineering', 'Controller (mvc)', 'MemSQL', 'Jenkins', 'ECS', 'NoSQL', 'Kotlin', 'View', 'MySQL', 'Data management', 'Containerization', 'PostgreSQL'}","[('CS314', ['Communication', 'Databases', 'Teamwork', 'Git', 'Java']), ('CS165', ['Java']), ('CS150', ['Python']), ('CS162', ['Java']), ('CS270', ['C++']), ('CS345', ['Python']), ('CS250', ['Databases']), ('CS320', ['Python']), ('CS110 - Modules', ['Databases']), ('CS164', ['Git', 'Java']), ('CS220', ['Python']), ('CS214', ['Git', 'Java']), ('CS312', ['Databases', 'Microservices']), ('CS445', ['Python'])]",0.14814814814814814
Apple_Software_Engineer_WatchOS,set(),"{'Profiling Applications', 'Collaboration', 'Inter-process Communication', 'SwiftUI', 'Experience Optimization', 'Creative Solutions', 'System Design', 'User experience (UX)', 'Innovation', 'Knowledge sharing'}",[],0.0
Apple_SWE_Internal_Tools,"{'Communication', 'Python', 'Teamwork', 'Debugging', 'Unix', 'Software Design'}","{'system monitoring tools', 'Build infrastructure', 'Maintaining software applications', 'SwiftUI', 'Objective-C', 'Software Compilation', 'Bash', 'software debugging skills', 'Scripting', 'Collaboration', 'Packaging Software', 'Technical leadership', 'Profiling', 'Problem Solving Skills', 'Build Systems', 'macOS', 'Software Development', 'Critical thinking', 'Implementation', 'Programming', 'Design', 'Innovation', 'Multitasking', 'Monitoring', 'Software Solutions', 'Infrastructure as code (IaC)', 'Logging', 'Strong software development skills', 'Build dependencies', 'Compute technologies', 'UNIX system administration'}","[('CS314', ['Communication', 'Teamwork', 'Unix']), ('CS150', ['Python']), ('CS345', ['Python']), ('CS320', ['Python']), ('CS164', ['Debugging']), ('CS220', ['Python']), ('CS214', ['Software Design', 'Debugging']), ('CS445', ['Python'])]",0.16216216216216217
Apple_Webkit_Engineer,"{'C++', 'C', 'Quality Assurance'}","{'Bug fixing', 'Inter-process Communication', 'UIKit', 'Web development', 'Objective-C', 'Collaboration', 'CSS', 'Problem Solving Skills', 'CFNetwork', 'Test cases', 'JavaScript', 'Compatibility', 'Development', 'Programming', 'Compatibility Testing', 'AppKit', 'Systems programming', 'Innovation', 'Performance optimization', 'HTML', 'Web Standards'}","[('CS270', ['C++', 'C']), ('CS164', ['Quality Assurance'])]",0.125
Comcast_Software_Engineer_Coop,"{'Security', 'Python', 'C++', 'Project Management', 'Networking', 'Teamwork', 'Quality Assurance', 'Java'}","{'Encryption', 'Oracle', 'Mentorship', 'Security Protocols', 'Software Engineering Practices', 'Solution Creation', 'Business Skills', 'Cloud computing', 'Automation', 'Data analysis', 'Software Development', 'AI/ML', 'Knowledge sharing', 'Interpersonal Skills', 'Innovation', 'Software Engineering', 'Business operations', 'Product development', 'MySQL', 'MongoDB', 'Data management', 'PostgreSQL', 'Version control', 'Test and Deployment automation'}","[('CS314', ['Networking', 'Project Management', 'Java', 'Teamwork']), ('CS165', ['Java']), ('CS150', ['Python', 'Security']), ('CS110', ['Security']), ('CS162', ['Java']), ('CS270', ['C++']), ('CS345', ['Python']), ('CS320', ['Python']), ('CS164', ['Java', 'Quality Assurance']), ('CS220', ['Python']), ('CS214', ['Project Management', 'Java']), ('CS445', ['Python'])]",0.25
Figma_Data_Scientist_Early_Career,"{'Communication', 'Python', 'Documentation', 'Data Science', 'Teamwork'}","{'Statistics', 'Machine learning', 'Data structures', 'Collaboration', 'Analytical skills', 'Data Engineering', 'Evaluate Experiments', 'Cross-functional collaboration', 'Statistical methods and models', 'Coding skills', 'Problem Solving Skills', 'Strong communication skills', 'User behavior prediction', 'Modeling', 'Knowledge sharing'}","[('CS314', ['Communication', 'Teamwork']), ('CS150', ['Python']), ('CS345', ['Python']), ('CS320', ['Python']), ('CS456', ['Data Science']), ('CS220', ['Python']), ('CS214', ['Documentation']), ('CS445', ['Python'])]",0.25
Figma_Web_Developer,"{'Optimization', 'Security', 'Teamwork', 'Quality Assurance', 'Debugging'}","{'GraphQL', 'TypeScript', 'Gatsby', 'Web development', 'Code Review', 'roadmapping', 'OKR planning', 'A/B testing', 'Collaboration', 'Conversion rate optimization', 'CSS', 'Database management', 'Infrastructure Development', 'Deployment practices', 'User experience (UX)', 'Cloud infrastructure', 'Node.js', 'Backend development', 'Agile development', 'Visual QA', 'React.js', 'Cross-functional collaboration', 'Accessibility', 'CI/CD strategy', 'JavaScript', 'Programming', 'Next.js', 'User interface development', 'Software Frameworks', 'CI/CD', 'Troubleshooting', 'Express', 'HTML', 'Performance'}","[('CS314', ['Optimization', 'Teamwork']), ('CS150', ['Security']), ('CS110', ['Security']), ('CS164', ['Quality Assurance', 'Debugging']), ('CS214', ['Debugging'])]",0.1282051282051282
Github_Software_Engineer,"{'Communication', 'Testing', 'Python', 'C++', 'C', 'Teamwork', 'Git', 'Java', 'Prototyping'}","{'Ruby', 'Creative Problem Solving', 'Mentorship', 'Web development', 'High performance', 'Code Review', 'Strong communication skills', 'APIs', 'Maintainable code', 'Collaboration', 'Automation', 'Technical leadership', 'Agile environment', 'Architecture Design', 'Problem Solving Skills', 'User experience (UX)', 'Golang', 'Modeling', 'Azure technologies', 'React.js', 'JavaScript', 'Development', 'DevOps', 'GitHub', 'Implementation', 'Programming', 'C#', 'Design', 'Feedback', 'Support Applications', 'Leadership', 'Innovation', 'Efficiency', 'High-quality systems', 'Software Engineering', 'Rust', 'Exploration', 'Compute technologies'}","[('CS314', ['Git', 'Communication', 'Java', 'Teamwork']), ('CS165', ['Java']), ('CS150', ['Python']), ('CS162', ['Java']), ('CS270', ['C++', 'C']), ('CS345', ['Python']), ('CS320', ['Python']), ('CS464', ['Prototyping']), ('CS164', ['Git', 'Java', 'Testing']), ('CS220', ['Python']), ('CS214', ['Git', 'Java']), ('CS445', ['Python'])]",0.19148936170212771
Github_Software_Engineer_2,"{'Communication', 'Testing', 'Python', 'C++', 'C', 'Teamwork', 'Quality Assurance', 'Git', 'Java', 'Prototyping'}","{'Ruby', 'Creative Problem Solving', 'Front-end frameworks', 'Mentorship', 'Code Review', 'Autonomy', 'APIs', 'Maintainable code', 'Collaboration', 'Automation', 'Technical leadership', 'Agile environment', 'Architecture Design', 'Golang', 'User experience (UX)', 'Software Development', 'Backend development', 'Azure technologies', 'React.js', 'JavaScript', 'Development', 'DevOps', 'GitHub', 'Implementation', 'Creative Solutions', 'Programming', 'C#', 'Design', 'Feedback', 'Support Applications', 'Leadership', 'Innovation', 'High-quality systems', 'Software Engineering', 'Rust', 'Requirements gathering', 'Frontend development', 'Compute technologies'}","[('CS314', ['Git', 'Communication', 'Java', 'Teamwork']), ('CS165', ['Java']), ('CS150', ['Python']), ('CS162', ['Java']), ('CS270', ['C++', 'C']), ('CS345', ['Python']), ('CS320', ['Python']), ('CS464', ['Prototyping']), ('CS164', ['Git', 'Java', 'Quality Assurance', 'Testing']), ('CS220', ['Python']), ('CS214', ['Git', 'Java']), ('CS445', ['Python'])]",0.20833333333333337
Google_ML_Analyst,"{'Communication', 'Security', 'Python', 'C++', 'Project Management', 'Teamwork', 'Quality Assurance'}","{'Decision making', 'Analytical skills', 'Insights Drawing', 'Presentation skills', 'Data exploration', 'Data visualization', 'User insights', 'Data analysis', 'User safety', 'Protection', 'Technical leadership', 'Problem Solving Skills', 'Modeling', 'Fraud Prevention', 'Cross-functional collaboration', 'SQL', 'Programming', 'Feature engineering', 'Trend Identification', 'Efficiency', 'Machine learning', 'R', 'Safety', 'Statistics Generation'}","[('CS314', ['Communication', 'Teamwork', 'Project Management']), ('CS150', ['Python', 'Security']), ('CS110', ['Security']), ('CS270', ['C++']), ('CS345', ['Python']), ('CS320', ['Python']), ('CS164', ['Quality Assurance']), ('CS220', ['Python']), ('CS214', ['Project Management']), ('CS445', ['Python'])]",0.22580645161290325
Google_ML_Engineer_Silicon,"{'Communication', 'Testing', 'Python', 'C++', 'Research', 'C', 'Verification'}","{'SoC', 'Machine learning', 'Collaboration', 'Compute technologies', 'Development', 'Simulation', 'Hardware design', 'AI/ML', 'Implementation', 'AI and ML accelerators', 'Compilers', 'Design', 'Improvement', 'Performance', 'Software Development', 'Innovation', 'Efficiency', 'Software Engineering'}","[('CS314', ['Communication', 'Verification']), ('CS150', ['Python', 'Research']), ('CS110', ['Research']), ('CS270', ['C++', 'C']), ('CS345', ['Python']), ('CS320', ['Python']), ('CS164', ['Testing']), ('CS220', ['Python']), ('CS445', ['Python'])]",0.28
Google_Software_Engineer_Youtube_Design,"{'Communication', 'Security', 'Testing', 'Python', 'C++', 'Documentation', 'Networking', 'C', 'Quality Assurance', 'Java'}","{'Maintaining software applications', 'TypeScript', 'Distributed computing', 'Code Review', 'Information retrieval', 'Experience with data structures', 'Data storage', 'User Interfaces (UI)', 'Collaboration', 'CSS', 'Natural language processing (NLP)', 'Quality Experiences', 'Software Development', 'Golang', 'Backend development', 'Full stack development', 'Compute technologies', 'Cross-functional collaboration', 'JavaScript', 'Implementation', 'Creative Solutions', 'Programming', 'Experience with algorithms', 'Design', 'Innovation', 'Artificial Intelligence (AI)', 'Frontend development', 'Deployment', 'Large-scale system design', 'HTML'}","[('CS314', ['Networking', 'Communication', 'Java']), ('CS165', ['Java']), ('CS150', ['Python', 'Security']), ('CS110', ['Security']), ('CS162', ['Java']), ('CS270', ['C++', 'C']), ('CS345', ['Python']), ('CS320', ['Python']), ('CS164', ['Java', 'Quality Assurance', 'Testing']), ('CS220', ['Python']), ('CS214', ['Java', 'Documentation']), ('CS445', ['Python'])]",0.25
Google_UX_Designer,"{'Research', 'Communication', 'Quality Assurance', 'Prototyping'}","{'Leadership', 'Designing across multiple platforms', 'User Interfaces (UI)', 'Collaboration', 'Product development', 'Web development', 'Content Strategy', 'Creative Solutions', 'Wireframes', 'User interface mockups', 'Usability Evaluation', 'Experience with design tools', 'User experience (UX)', 'Innovation', 'User workflows', 'User-centered design'}","[('CS314', ['Communication']), ('CS150', ['Research']), ('CS110', ['Research']), ('CS464', ['Prototyping']), ('CS164', ['Quality Assurance'])]",0.19999999999999996
HPE_AI_ML_Engineer,"{'Optimization', 'Testing', 'Teamwork', 'Algorithms', 'Debugging'}","{'Large Scale Computing', 'Deep learning', 'Machine learning', 'Software Frameworks', 'Data analysis', 'Statistical Modeling', 'Unstructured Data', 'Structured Data', 'Data Quality', 'Data visualization', 'System Design', 'Modeling'}","[('CS314', ['Optimization', 'Teamwork']), ('CS165', ['Algorithms']), ('CS164', ['Algorithms', 'Debugging', 'Testing']), ('CS152', ['Algorithms']), ('CS214', ['Debugging'])]",0.2941176470588235
HPE_Cloud_Developer,"{'Teamwork', 'Prototyping'}","{'Monitoring', 'DevOps', 'Deployment', 'Problem Solving Skills', 'Design', 'Innovation', 'Cloud Technology', 'Continuous Delivery (CD)', 'Efficiency'}","[('CS314', ['Teamwork']), ('CS464', ['Prototyping'])]",0.18181818181818177
HPE_Data_Scientist,"{'Python', 'Teamwork'}","{'Decision making', 'Analytical skills', 'Data Validation', 'Data visualization', 'Collaboration', 'Data analysis', 'Hypothesis Matrix', 'Data Integration', 'Transform', 'Statistical Analysis System (SAS)', 'Problem Solving Skills', 'User experience (UX)', 'Modeling', 'Extract', 'Load (ETL)', 'Data loading', 'Statistics', 'Business operations', 'Predictive Analytics', 'R', 'Machine learning', 'Exploratory Data Analysis (EDA)', 'SPSS', 'Data management', 'Data preparation'}","[('CS314', ['Teamwork']), ('CS150', ['Python']), ('CS345', ['Python']), ('CS320', ['Python']), ('CS220', ['Python']), ('CS445', ['Python'])]",0.07407407407407407
HPE_Electrical_Hardware_Engineer,"{'Communication', 'Teamwork', 'Testing'}","{'Analytical skills', 'Development', 'Reliability', 'Problem Solving Skills', 'Design', 'Product development', 'Evaluation'}","[('CS314', ['Communication', 'Teamwork']), ('CS164', ['Testing'])]",0.30000000000000004
HPE_Engineer,"{'Communication', 'Debugging'}","{'Software Development', 'Validation', 'Technical leadership', 'Design'}","[('CS314', ['Communication']), ('CS164', ['Debugging']), ('CS214', ['Debugging'])]",0.33333333333333337
HPE_Engineering_Program_Manager,"{'Teamwork', 'Communication', 'Documentation', 'Project Management'}","{'Organization', 'Collaboration', 'Analytical skills', 'Problem Solving Skills', 'Leadership', 'Reporting', 'Autonomy', 'Efficiency'}","[('CS314', ['Communication', 'Teamwork', 'Project Management']), ('CS214', ['Project Management', 'Documentation'])]",0.33333333333333337
HPE_Experience_Design_Engineer,"{'Communication', 'Teamwork'}","{'Collaboration', 'Analytical skills', 'Data analysis', 'Problem Solving Skills', 'User experience (UX)', 'Autonomy'}","[('CS314', ['Communication', 'Teamwork'])]",0.25
HPE_Industrial_Engineer,{'Teamwork'},"{'Decision making', 'Problem Solving Skills', 'Analytical skills'}","[('CS314', ['Teamwork'])]",0.25
HPE_Mechanical_Engineer,"{'Teamwork', 'Prototyping', 'Testing'}","{'Analytical skills', 'Reliability', 'CAD Software', 'Problem Solving Skills', 'Design', 'Evaluation', 'Leadership'}","[('CS314', ['Teamwork']), ('CS464', ['Prototyping']), ('CS164', ['Testing'])]",0.30000000000000004
HPE_Product_Engineer,"{'Teamwork', 'Quality Assurance'}","{'Process improvement', 'Analytical skills', 'Problem Solving Skills', 'Product development', 'Quality control'}","[('CS314', ['Teamwork']), ('CS164', ['Quality Assurance'])]",0.2857142857142857
HPE_Product_Manager,"{'Project Management', 'Teamwork'}","{'Analytical skills', 'Financial literacy', 'Forecasting', 'Problem Solving Skills', 'Product development', 'Innovation', 'Autonomy'}","[('CS314', ['Project Management', 'Teamwork']), ('CS214', ['Project Management'])]",0.2222222222222222
HPE_Quality_Assurance_Engineer,"{'Documentation', 'Quality Assurance', 'Teamwork'}","{'Efficiency', 'Problem Solving Skills', 'Collaboration', 'Analytical skills'}","[('CS314', ['Teamwork']), ('CS164', ['Quality Assurance']), ('CS214', ['Documentation'])]",0.4285714285714286
HPE_Quality_Engineer,"{'Communication', 'Teamwork', 'Quality Assurance', 'Testing'}","{'Six Sigma', 'Lean Sigma', 'Analytical skills', 'Data analysis', 'Problem Solving Skills', 'Quality control'}","[('CS314', ['Communication', 'Teamwork']), ('CS164', ['Quality Assurance', 'Testing'])]",0.4
HPE_Research_Engineer,"{'Research', 'Teamwork'}","{'Collaboration', 'Publications', 'Analytical skills', 'Data analysis', 'Development', 'Implementation', 'Problem Solving Skills', 'Scientific research', 'Innovation'}","[('CS314', ['Teamwork']), ('CS150', ['Research']), ('CS110', ['Research'])]",0.18181818181818177
HPE_Software_Designer,"{'Communication', 'Documentation', 'Teamwork', 'Debugging', 'Software Design'}","{'Collaboration', 'Analytical skills', 'Logging', 'Requirements gathering', 'Maintaining software applications', 'Application Design', 'Programming', 'Software testing', 'Problem Solving Skills', 'Code Review', 'Software Development'}","[('CS314', ['Communication', 'Teamwork']), ('CS164', ['Debugging']), ('CS214', ['Software Design', 'Documentation', 'Debugging'])]",0.3125
HPE_SW_Engineer_Firmware,"{'Operating Systems', 'Communication', 'C++', 'C', 'Teamwork', 'Debugging'}","{'Analytical skills', 'Logging', 'Hardware design', 'Problem Solving Skills', 'Design', 'Firmware Development', 'Efficiency', 'Assembly Language'}","[('CS314', ['Communication', 'Teamwork']), ('CS370', ['Operating Systems']), ('CS270', ['C++', 'C']), ('CS164', ['Debugging']), ('CS214', ['Debugging'])]",0.4285714285714286
HPE_Systems_Software_Engineer,"{'Operating Systems', 'Databases', 'Networking', 'Teamwork', 'Software Design'}","{'Analytical skills', 'Hardware design', 'Programming', 'Coding skills', 'Problem Solving Skills', 'Compilers', 'Routers'}","[('CS314', ['Networking', 'Databases', 'Teamwork']), ('CS370', ['Operating Systems']), ('CS250', ['Databases']), ('CS110 - Modules', ['Databases']), ('CS214', ['Software Design']), ('CS312', ['Databases'])]",0.41666666666666663
HPE_Test_Engineer,"{'Communication', 'Teamwork'}","{'Analytical skills', 'Scheduling', 'Test Planning', 'Problem Solving Skills', 'System Design'}","[('CS314', ['Communication', 'Teamwork'])]",0.2857142857142857
HPE_VLSI_Engineer,"{'Teamwork', 'Algorithms'}","{'Decision making', 'Analytical skills', 'Automation', 'Electronic Design', 'Hardware design', 'Programming', 'Problem Solving Skills', 'Design', 'Scripting', 'Efficiency'}","[('CS314', ['Teamwork']), ('CS165', ['Algorithms']), ('CS164', ['Algorithms']), ('CS152', ['Algorithms'])]",0.16666666666666663
HP_Associate_Software_Developer,"{'Testing', 'Python', 'Teamwork', 'Integration Tests', 'Microservices'}","{'Terraform', 'Test Automation', 'TypeScript', 'Collaboration', 'High standards', 'Automation', 'Agile software development', 'Virtual Desktop Infrastructure', 'API Tests', 'Technical leadership', 'Automated tests', 'Software Development', 'Node.js', 'End-to-End Tests', 'JavaScript', 'DevOps', 'Creative Solutions', 'Innovation', 'Automated security scanning'}","[('CS314', ['Teamwork', 'Integration Tests']), ('CS150', ['Python']), ('CS345', ['Python']), ('CS320', ['Python']), ('CS164', ['Testing']), ('CS220', ['Python']), ('CS312', ['Microservices']), ('CS445', ['Python'])]",0.20833333333333337
HP_Software_Quality_Engineer,"{'Communication', 'Testing', 'Project Management', 'Teamwork', 'Quality Assurance', 'Debugging'}","{'Analytical skills', 'Mentorship', 'JIRA', 'Software testing', 'Code Review', 'Scripting', 'Software Quality (SQA/SQC)', 'Collaboration', 'Customer engagement', 'Test Planning', 'Customer needs', 'Problem Solving Skills', 'Software Development', 'Design Discussions', 'Agile development', 'Testing Strategies', 'Coding skills', 'Design', 'Building new solutions', 'Product validation', 'Leadership', 'Innovation', 'Efficiency', 'Agile methodology', 'Software Engineering', 'CI/CD', 'TestRail', 'Manual Testing'}","[('CS314', ['Communication', 'Teamwork', 'Project Management']), ('CS164', ['Quality Assurance', 'Debugging', 'Testing']), ('CS214', ['Project Management', 'Debugging'])]",0.17647058823529416
Meta_Software_Engineer,"{'Operating Systems', 'Testing', 'Python', 'C++', 'Documentation', 'Quality Assurance', 'Hardware', 'Debugging', 'Java', 'Prototyping'}","{'Analytical skills', 'Software engineering quality', 'Augmented reality', 'Hardware design', 'Game engine development', 'mobile app development', 'Code Review', 'Mobile Software Experience', 'AR/VR', 'Virtual reality', 'Collaboration', 'Technical leadership', 'Infrastructure', 'robotics', 'Problem Solving Skills', 'Hardware development', 'Software architecture', 'Software Development', 'Development', 'Programming', 'Design', 'Innovation', 'Embedded systems', 'Efficiency', 'Artificial Intelligence (AI)', 'PHP', 'Architectural tradeoffs', 'Firmware Development'}","[('CS314', ['Java']), ('CS165', ['Java']), ('CS370', ['Operating Systems']), ('CS150', ['Python']), ('CS110', ['Hardware']), ('CS162', ['Java']), ('CS270', ['C++']), ('CS345', ['Python']), ('CS320', ['Python']), ('CS464', ['Prototyping']), ('CS164', ['Java', 'Quality Assurance', 'Debugging', 'Testing']), ('CS220', ['Python']), ('CS214', ['Java', 'Debugging', 'Documentation']), ('CS445', ['Python'])]",0.26315789473684215
Meta_Software_Engineer_Android,"{'Optimization', 'Quality Assurance'}","{'Android Programming Techniques', 'User Interfaces (UI)', 'Analytical skills', 'API design', 'Multithreading programming', 'Infrastructure', 'Unit testing', 'Android native languages', 'Mobile memory management', 'Programming', 'Building complex applications targeting Android', 'Building Reusable Android Software Components', 'Performance', 'Software Development', 'Performance Debugging', 'Benchmarking', 'Efficiency'}","[('CS314', ['Optimization']), ('CS164', ['Quality Assurance'])]",0.10526315789473684
Meta_Software_Engineer_Codesign,"{'Communication', 'Python', 'C++', 'Networking', 'C', 'Teamwork', 'Hardware', 'Java'}","{'Analytical skills', 'Hardware design', 'Community Contribution', 'Scripting', 'Collaboration', 'Publications', 'Technical leadership', 'Distributed systems', 'Problem Solving Skills', 'CPUs', 'GPUs', 'Programming', 'workload architectural analysis', 'Large-scale infrastructure', 'Full stack analysis', 'AI and ML accelerators', 'PHP', 'Storage Systems', 'Compute technologies'}","[('CS314', ['Networking', 'Communication', 'Java', 'Teamwork']), ('CS165', ['Java']), ('CS150', ['Python']), ('CS110', ['Hardware']), ('CS162', ['Java']), ('CS270', ['C++', 'C']), ('CS345', ['Python']), ('CS320', ['Python']), ('CS164', ['Java']), ('CS220', ['Python']), ('CS214', ['Java']), ('CS445', ['Python'])]",0.2962962962962963
Meta_Software_Engineer_Computer_Vision,"{'Python', 'C++', 'Quality Assurance'}","{'Deep learning', 'Mentorship', 'Benchmarking', 'AR/VR', 'AI system design', 'Technical leadership', 'Architecture Design', 'System Interaction', 'Methodology Development', 'Programming', 'Leadership', 'Innovation', 'Experience with distributed systems', 'ML rigor', 'Machine learning', 'Computer Vision', 'Artificial Intelligence (AI)', 'PyTorch', 'Vision Systems'}","[('CS150', ['Python']), ('CS270', ['C++']), ('CS345', ['Python']), ('CS320', ['Python']), ('CS164', ['Quality Assurance']), ('CS220', ['Python']), ('CS445', ['Python'])]",0.13636363636363635
Meta_Software_Engineer_Frontend,"{'Web Applications', 'Teamwork', 'Quality Assurance'}","{'Front-end frameworks', 'Large-Scale Product Development', 'High performance', 'Collaboration', 'API design', 'Unit testing', 'CSS', 'Architecture Design', 'Software Development', 'Performance Debugging', 'Front-end Systems', 'React.js', 'JavaScript', 'Innovation', 'Software Engineering', 'User Interface Components', 'Designing Interfaces', 'Performance and Scalability', 'HTML', 'Reusable'}","[('CS314', ['Teamwork']), ('CS164', ['Quality Assurance']), ('CS312', ['Web Applications'])]",0.13043478260869568
Meta_Software_Engineer_Infrastructure,"{'Communication', 'Testing', 'Python', 'C++', 'C', 'Teamwork', 'Quality Assurance', 'Java'}","{'Analytical skills', 'Design Reviews', 'Building large-scale infrastructure applications', 'Code Review', 'Reliability', 'Collaboration', 'System Resources', 'Technical leadership', 'Software Development', 'Quality work', 'Quality improvement', 'Cross-functional collaboration', 'JavaScript', 'Exposure to architectural patterns', 'Design', 'Large scale software applications', 'Leadership', 'Efficiency', 'Software Engineering', 'Monitoring', 'Scalability', 'PHP', 'Compute technologies'}","[('CS314', ['Communication', 'Java', 'Teamwork']), ('CS165', ['Java']), ('CS150', ['Python']), ('CS162', ['Java']), ('CS270', ['C++', 'C']), ('CS345', ['Python']), ('CS320', ['Python']), ('CS164', ['Java', 'Quality Assurance', 'Testing']), ('CS220', ['Python']), ('CS214', ['Java']), ('CS445', ['Python'])]",0.25806451612903225
Microsoft_Applied_Scientist,"{'Communication', 'Python', 'Research', 'Teamwork', 'Quality Assurance'}","{'Deep learning', 'Bayesian networks', 'SLMs', 'Probabilistic graphical models', 'Collaboration', 'Critical feedback', 'Publications', 'Statistical Techniques', 'Technical leadership', 'Transform', 'AI/ML', 'Multi-modal models', 'LLMs', 'Active learning', 'Extract', 'Load (ETL)', 'Reinforcement learning', 'Data-driven Research', 'Time series', 'Data integrity', 'Innovation', 'Statistics', 'Predictive Analytics', 'Machine learning', 'R', 'Scala', 'Artificial Intelligence (AI)', 'Compute technologies', 'Data preparation'}","[('CS314', ['Communication', 'Teamwork']), ('CS150', ['Python', 'Research']), ('CS110', ['Research']), ('CS345', ['Python']), ('CS320', ['Python']), ('CS164', ['Quality Assurance']), ('CS220', ['Python']), ('CS445', ['Python'])]",0.1470588235294118
Microsoft_Fullstack,"{'Security', 'Python', 'C++', 'C', 'Quality Assurance', 'Privacy', 'Java'}","{'Monitoring', 'Collaboration', 'Automation', 'Data analysis', 'Accessibility', 'JavaScript', 'Safety', 'Service level agreement', 'Programming', 'C#', 'Problem Solving Skills', 'Compliance', 'Performance', 'Reliability', 'Software Development', 'Innovation', 'Efficiency'}","[('CS314', ['Java']), ('CS165', ['Java']), ('CS150', ['Python', 'Privacy', 'Security']), ('CS110', ['Privacy', 'Security']), ('CS162', ['Java']), ('CS270', ['C++', 'C']), ('CS345', ['Python']), ('CS320', ['Python']), ('CS456', ['Privacy']), ('CS164', ['Java', 'Quality Assurance']), ('CS220', ['Python']), ('CS214', ['Java']), ('CS445', ['Python'])]",0.29166666666666663
Microsoft_Security_Researcher,"{'Communication', 'Security', 'Malware Analysis', 'Python', 'Research', 'Project Management', 'Teamwork', 'Java', 'Prototyping'}","{'Signature Detection', 'Intelligence Requirements', 'Distributed computing', 'Data Mining', 'Apache Spark', 'Code Contribution', 'Cloud computing', 'Analyze Threat Trends', 'Experimentation', 'Automation', 'Data analysis', 'Security Domain', 'Technical leadership', 'Architecture Design', 'Regulatory Scrutiny', 'Protect tools', 'Problem Solving Skills', 'Threat Reporting', 'Security Analysis', 'Cloud Identity TTPs', 'Operational Impact', 'Cloud architectures', 'Incident response', 'Research Methodology', 'Address Security Issues', 'Programming', 'C#', 'Threat Actor TTPs', 'Strong Quantitative Skills', 'Innovation', 'Threat Analysis', 'Threat Hunts', 'Statistics', 'Telemetry', 'Machine learning', 'Digital Technology Platforms', 'Scala', 'Malicious Activity Detection', 'Data-driven inference methods', 'Actionable Intelligence', 'Product development', 'Penetration testing', 'Systemic Security Issues'}","[('CS314', ['Communication', 'Java', 'Project Management', 'Teamwork']), ('CS165', ['Java']), ('CS150', ['Python', 'Research', 'Security']), ('CS110', ['Research', 'Security']), ('CS162', ['Java']), ('CS345', ['Python']), ('CS320', ['Python']), ('CS464', ['Prototyping']), ('CS456', ['Malware Analysis']), ('CS164', ['Java']), ('CS220', ['Python']), ('CS214', ['Project Management', 'Java']), ('CS445', ['Python'])]",0.17307692307692313
Microsoft_Software_Engineering_Security,"{'Communication', 'Security', 'Testing', 'Python', 'C++', 'C', 'Quality Assurance', 'Debugging', 'Java'}","{'Analytical skills', 'Continuous improvement (CI)', 'Test Automation', 'System behavior insights', 'Secure coding standards', 'Logs', 'Feedback Integration', 'Design Documentation', 'Security Policies', 'Reliability', 'Estimations', 'Collaboration', 'Automation', 'Data analysis', 'Product Security', 'Customer needs', 'Problem Solving Skills', 'Regulations', 'Deployment practices', 'Software Development', 'Tooling', 'JavaScript', 'Development', 'Time management', 'Programming', 'C#', 'Code building', 'Feedback', 'Efficiency', 'Identifying Dependencies', 'Software Engineering', 'Business operations', 'Telemetry', 'Safety', 'Security tools', 'Compliance', 'Performance'}","[('CS314', ['Communication', 'Java']), ('CS165', ['Java']), ('CS150', ['Python', 'Security']), ('CS110', ['Security']), ('CS162', ['Java']), ('CS270', ['C++', 'C']), ('CS345', ['Python']), ('CS320', ['Python']), ('CS164', ['Java', 'Quality Assurance', 'Debugging', 'Testing']), ('CS220', ['Python']), ('CS214', ['Java', 'Debugging']), ('CS445', ['Python'])]",0.19565217391304346
Microsoft_Software_Engineer_AI_ML,"{'Security', 'Testing', 'Python', 'C++', 'C', 'Quality Assurance', 'Debugging', 'Privacy', 'Java'}","{'ML models', 'Continuous improvement (CI)', 'Code Creation', 'System behavior insights', 'Feedback Integration', 'Design Documentation', 'Reliability', 'Estimations', 'Collaboration', 'Automation', 'User Impacts', 'Data analysis', 'Service Impacts', 'Service level agreement', 'Customer needs', 'Architecture Design', 'Problem Solving Skills', 'Deployment practices', 'User experience (UX)', 'Performance Debugging', 'AI/ML', 'Accessibility', 'JavaScript', 'Feature Deployments', 'Programming', 'C#', 'Coding skills', 'Efficiency', 'Identifying Dependencies', 'Software Engineering', 'Monitoring', 'Telemetry', 'Machine learning', 'Scalability', 'Artificial Intelligence (AI)', 'Safety', 'Technical Validation', 'System functionality', 'Compliance', 'Compute technologies', 'Product development', 'Orchestration patterns', 'Performance', 'Responsible AI practices'}","[('CS314', ['Java']), ('CS165', ['Java']), ('CS150', ['Python', 'Privacy', 'Security']), ('CS110', ['Privacy', 'Security']), ('CS162', ['Java']), ('CS270', ['C++', 'C']), ('CS345', ['Python']), ('CS320', ['Python']), ('CS456', ['Privacy']), ('CS164', ['Java', 'Quality Assurance', 'Debugging', 'Testing']), ('CS220', ['Python']), ('CS214', ['Java', 'Debugging']), ('CS445', ['Python'])]",0.16981132075471694
Netflix_Software_Engineer_Intern,"{'Python', 'Communication', 'Java', 'Teamwork'}","{'Continual improvement', 'Maintaining software applications', 'TypeScript', 'Mentorship', 'Contribution', 'Collaboration', 'Technical leadership', 'Building media apps', 'Problem Solving Skills', 'User experience (UX)', 'Software Development', 'Tooling', 'React.js', 'Cross-functional collaboration', 'System Design', 'Innovation', 'Software Engineering', 'User-centered design', 'Content Engineering', 'Media distribution workflows', 'Kotlin', 'Product reviews', 'HTML'}","[('CS314', ['Communication', 'Java', 'Teamwork']), ('CS165', ['Java']), ('CS150', ['Python']), ('CS162', ['Java']), ('CS345', ['Python']), ('CS320', ['Python']), ('CS164', ['Java']), ('CS220', ['Python']), ('CS214', ['Java']), ('CS445', ['Python'])]",0.14814814814814814
OpenAI_Software_Engineering_Applied_Engineering,"{'Python', 'Optimization', 'Quality Assurance'}","{'Competing priorities', 'Collaboration', 'Customer engagement', 'Relational databases', 'Customer needs', 'Problem Solving Skills', 'User experience (UX)', 'AI/ML', 'Deadlines', 'Cross-functional collaboration', 'React.js', 'JavaScript', 'Speed', 'Programming', 'Efficiency', 'Cutting edge technology', 'Scalability', 'Product development', 'MySQL', 'Compute technologies', 'PostgreSQL'}","[('CS314', ['Optimization']), ('CS150', ['Python']), ('CS345', ['Python']), ('CS320', ['Python']), ('CS164', ['Quality Assurance']), ('CS220', ['Python']), ('CS445', ['Python'])]",0.125
OpenAI_Software_Engineer_Real_Time,"{'Communication', 'Security', 'Fault Tolerance', 'Teamwork', 'Configuration Management', 'Quality Assurance', 'Microservices'}","{'Resilient design patterns', 'Performance Improvement', 'Scripting', 'Reliability', 'Cloud computing', 'Resilient systems', 'Collaboration', 'Automation', 'Infrastructure', 'Problem Solving Skills', 'Cloud infrastructure', 'Tooling', 'System Optimization', 'Availability', 'Cross-functional collaboration', 'Development', 'Implementation', 'Service Level Indicators', 'Programming', 'Design', 'Observability Tools', 'Kubernetes', 'Feedback', 'System Design', 'Efficiency', 'Service mesh technologies', 'Cloud environments', 'Monitoring', 'Scalability', 'Infrastructure as code (IaC)', 'Service Level Objectives', 'Troubleshooting', 'Containerization', 'Performance'}","[('CS314', ['Communication', 'Teamwork', 'Configuration Management']), ('CS150', ['Security']), ('CS110', ['Security']), ('CS458', ['Fault Tolerance']), ('CS164', ['Quality Assurance']), ('CS312', ['Microservices'])]",0.1707317073170732
Paypal_Android_Engineer,"{'Application Development', 'Clean Code', 'Teamwork', 'Quality Assurance', 'Git', 'Java'}","{'Collaboration', 'Agile development', 'Experience: mobile UI/UX design', 'Java Frameworks', 'Customer engagement', 'Development', 'JSON', 'Unit testing', 'REST APIs', 'Kotlin', 'Mobile UI/UX Design', 'Programming', 'User experience (UX)', 'Code Review', 'Software Development', 'Innovation', 'Software Development Lifecycle'}","[('CS314', ['Git', 'Clean Code', 'Java', 'Teamwork']), ('CS165', ['Java']), ('CS162', ['Java']), ('CS164', ['Git', 'Java', 'Quality Assurance']), ('CS430', ['Application Development']), ('CS214', ['Git', 'Java'])]",0.26086956521739135
Paypal_Fresh_Grad_SE,"{'Git', 'Java', 'Software Design', 'Teamwork'}","{'Organization', 'Agile methodology', 'Agile development', 'Enterprise Application Monitoring', 'Maintaining software applications', 'Code craftsmanship', 'NoSQL', 'Development', 'JSON', 'Rule Management Systems', 'REST APIs', 'SVN', 'SQL', 'Software Development', 'Version control', 'Spring'}","[('CS314', ['Git', 'Java', 'Teamwork']), ('CS165', ['Java']), ('CS162', ['Java']), ('CS164', ['Git', 'Java']), ('CS214', ['Git', 'Java', 'Software Design'])]",0.19999999999999996
Paypal_Platforms_Engineering,"{'Java', 'Optimization', 'Maven', 'Git'}","{'Oracle', 'Financial literacy', 'JMS', 'Mentorship', 'BigQuery', 'Code Review', 'Reliability', 'App servers', 'Team collaboration', 'GCP', 'Collaboration', 'ORM tools', 'Infrastructure', 'REST APIs', 'Problem Solving Skills', 'Regulations', 'Database management', 'Continuous integration', 'Cloud infrastructure', 'Backend development', 'Design Discussions', 'Payment Processing Industry Knowledge', 'Experience with Systems', 'JDBC/ORM', 'System Optimization', 'Cross-functional collaboration', 'Development', 'SQL', 'Design', 'Leadership', 'Innovation', 'Design and development methodologies', 'High-quality systems', 'Software Engineering', 'Firestore', 'Business operations', 'Scalability', 'Requirements gathering', 'Servlet containers', 'NoSQL', 'Financial infrastructure'}","[('CS314', ['Java', 'Optimization', 'Maven', 'Git']), ('CS165', ['Java']), ('CS162', ['Java']), ('CS164', ['Git', 'Java']), ('CS214', ['Git', 'Java'])]",0.0888888888888889
Paypal_SE_Growths_Market,"{'Java', 'Quality Assurance', 'Databases'}","{'Object-oriented design', 'Financial literacy', 'Oracle', 'Web development', 'Collaboration', 'New product development', 'Platform expansion', 'Customer engagement', 'Unit testing', 'REST APIs', 'J2EE', 'Software Development', 'Backend development', 'Spring', 'Hibernate', 'Web Services', 'Programming', 'System Design', 'Innovation', 'Efficiency', 'User acquisition', 'Spring Boot', 'MySQL'}","[('CS314', ['Java', 'Databases']), ('CS165', ['Java']), ('CS162', ['Java']), ('CS250', ['Databases']), ('CS110 - Modules', ['Databases']), ('CS164', ['Java', 'Quality Assurance']), ('CS214', ['Java']), ('CS312', ['Databases'])]",0.11538461538461542
Paypal_Software_Engineer,"{'Testing', 'Hadoop', 'Quality Assurance', 'Unix', 'Java'}","{'Platform Governance', 'Service Monitoring', 'Statistical Analysis', 'Risk management', 'Collaboration', 'Performance Analytics', 'Problem Solving Skills', 'Software Development', 'System Layers', 'Code quality', 'Database Access', 'SQL', 'System Design', 'Innovation', 'Efficiency', 'Google BigQuery', 'Scalability', 'Machine learning', 'Spring Boot', 'Governance', 'Performance optimization', 'Remediation', 'Troubleshooting', 'Compliance', 'Modernization'}","[('CS314', ['Unix', 'Java']), ('CS165', ['Java']), ('CS455', ['Hadoop']), ('CS162', ['Java']), ('CS164', ['Java', 'Quality Assurance', 'Testing']), ('CS214', ['Java'])]",0.16666666666666663
Sony_Blockchain_Developer,"{'Communication', 'Cryptocurrency', 'Hyperledger', 'Testing', 'Python', 'C++', 'Research', 'Solidity', 'C', 'Teamwork', 'Quality Assurance', 'Algorithms', 'Blockchain', 'Cryptography', 'Java'}","{'Encryption', 'Erlang', 'Presentation skills', 'Ethereum', 'Distributed consensus methodologies', 'Crypto currencies', 'Hash functions', 'Blockchain/Crypto', 'Quality orientation', 'Signatures', 'Software architecture', 'Asymmetric key', 'Golang', 'Knowledge sharing', 'Crypto Techniques', 'Development', 'Privacy-Preserving Features', 'Programming', 'Design', 'Innovation', 'Open source tools', 'Cutting edge technology', 'Rust', 'Summarization Skills', 'Haskell', 'Scala', 'Crypto algorithms', 'Symmetric key'}","[('CS314', ['Communication', 'Java', 'Teamwork']), ('CS165', ['Java', 'Algorithms']), ('CS150', ['Python', 'Research']), ('CS110', ['Research']), ('CS162', ['Java']), ('CS270', ['C++', 'C']), ('CS345', ['Python']), ('CS320', ['Python']), ('CS458', ['Hyperledger', 'Cryptocurrency', 'Solidity', 'Blockchain']), ('CS457', ['Cryptography']), ('CS164', ['Java', 'Quality Assurance', 'Algorithms', 'Testing']), ('CS152', ['Algorithms']), ('CS220', ['Python']), ('CS214', ['Java']), ('CS445', ['Python'])]",0.34883720930232553
Sony_Software_Design_Engineer,"{'Application Development', 'Communication', 'C++', 'Project Management', 'Teamwork', 'Algorithms'}","{'Leadership', 'Deep learning', 'Computer Vision', 'Time management', 'Creative Solutions', 'Image Processing', 'Algorithm Research', 'Computer Vision Algorithms', 'Software Development', 'Innovation'}","[('CS314', ['Communication', 'Teamwork', 'Project Management']), ('CS165', ['Algorithms']), ('CS270', ['C++']), ('CS164', ['Algorithms']), ('CS152', ['Algorithms']), ('CS430', ['Application Development']), ('CS214', ['Project Management'])]",0.375
Spotify_Backend_Engineer_Audiobooks,"{'Communication', 'Docker', 'Python', 'Clean Code', 'Java'}","{'Performance at scale', 'Maintaining software applications', 'TypeScript', 'Mentorship', 'Backend Standard Methodologies', 'Improvement', 'GCP', 'Collaboration', 'Relational databases', 'Technical leadership', 'Distributed systems', 'Problem Solving Skills', 'Database management', 'Software architecture', 'User experience (UX)', 'Backend development', 'Content Processing', 'Tooling', 'end-to-end design', 'React.js', 'Scalable architectures', 'Cloud platforms', 'JavaScript', 'System uptime management', 'Implementation', 'System Design', 'non-relational databases', 'Leadership', 'Innovation', 'Efficiency', 'High-quality systems', 'Next.js', 'Scalability', 'Identifying bottlenecks', 'Containerization', 'Product development', 'Query optimization', 'schema design'}","[('CS314', ['Clean Code', 'Java', 'Communication', 'Docker']), ('CS165', ['Java']), ('CS150', ['Python']), ('CS162', ['Java']), ('CS345', ['Python']), ('CS320', ['Python']), ('CS164', ['Java']), ('CS220', ['Python']), ('CS214', ['Java']), ('CS445', ['Python'])]",0.11627906976744184
Spotify_Backend_Engineer_Data_Platform,"{'Teamwork', 'Java', 'Algorithms'}","{'Data structures', 'Reliability', 'Observability', 'Autonomy', 'data pipelines', 'Team collaboration', 'Collaboration', 'Data Engineering', 'Customer needs', 'Problem Solving Skills', 'User workflows', 'Tooling', 'Pipelines', 'System Design', 'Innovation', 'Scalability', 'Iteration', 'Scala', 'Accommodations', 'Backend services', 'Data Quality'}","[('CS314', ['Java', 'Teamwork']), ('CS165', ['Java', 'Algorithms']), ('CS162', ['Java']), ('CS164', ['Java', 'Algorithms']), ('CS152', ['Algorithms']), ('CS214', ['Java'])]",0.125
Spotify_Data_Scientist_Audiobooks,"{'Python', 'Communication'}","{'Analytical skills', 'Key Performance Metrics', 'Data exploration', 'Forecasting', 'Data visualization', 'A/B testing', 'Collaboration', 'Data analysis', 'Visual Dashboards', 'Strategic planning', 'Modeling', 'Quantitative analysis', 'Development', 'Excellent Communication Skills', 'Implementation', 'SQL', 'Real-time Monitoring', 'Tableau', 'Feature engineering', 'Design', 'Innovation', 'Statistical Knowledge', 'Measurement techniques', 'Statistics', 'Machine learning', 'Compute technologies', 'Product development'}","[('CS314', ['Communication']), ('CS150', ['Python']), ('CS345', ['Python']), ('CS320', ['Python']), ('CS220', ['Python']), ('CS445', ['Python'])]",0.06896551724137934
Spotify_Junior_Backend_Engineer,"{'Databases', 'Python', 'Clean Code', 'Reasoning', 'Teamwork', 'Quality Assurance', 'Algorithms', 'Linux', 'Java'}","{'Data structures', 'Service Monitoring', 'Continuous development', 'Operational Responsibility', 'Reliability', 'Defensive programming', 'Google Cloud SQL', 'Maintaining Systems', 'Collaboration', 'Data Engineering', 'Automated tests', 'Backend development', 'Continuous Delivery (CD)', 'Knowledge sharing', 'Availability', 'Low latency', 'Implementation', 'SQL', 'Programming', 'Infrastructure Building', 'Design', 'Innovation', 'Scalability', 'Scala', 'Backend services', 'NoSQL', 'Google Cloud Bigtable', 'Modernization', 'Deployment Pipelines', 'Quality focus'}","[('CS314', ['Databases', 'Clean Code', 'Teamwork', 'Linux', 'Java']), ('CS165', ['Java', 'Algorithms']), ('CS150', ['Python']), ('CS162', ['Java']), ('CS345', ['Python']), ('CS250', ['Databases']), ('CS320', ['Python']), ('CS440', ['Reasoning']), ('CS110 - Modules', ['Databases']), ('CS164', ['Linux', 'Java', 'Quality Assurance', 'Algorithms']), ('CS152', ['Algorithms']), ('CS220', ['Python']), ('CS214', ['Java']), ('CS312', ['Databases']), ('CS445', ['Python'])]",0.23076923076923073
Tesla_Security_Engineer,"{'Security', 'Python', 'C++', 'C', 'Teamwork', 'Java'}","{'Threat modeling', 'Security reviews', 'Cybersecurity', 'Software testing', 'Reliability', 'Sanitizers', 'Collaboration', 'Timely resolution', 'Automation', 'Auditing code', 'Vulnerability tracking', 'Fuzzing', 'Golang', 'Risk analysis', 'Modeling', 'Develop automated systems', 'Source code auditing', 'Supply-chain validation', 'Excellent Communication Skills', 'SQL', 'Programming', 'Innovation', 'Rust', 'Vulnerability', 'Remediation', 'NoSQL', 'Secure architecture design', 'Security solution design', 'Penetration testing'}","[('CS314', ['Java', 'Teamwork']), ('CS165', ['Java']), ('CS150', ['Python', 'Security']), ('CS110', ['Security']), ('CS162', ['Java']), ('CS270', ['C++', 'C']), ('CS345', ['Python']), ('CS320', ['Python']), ('CS164', ['Java']), ('CS220', ['Python']), ('CS214', ['Java']), ('CS445', ['Python'])]",0.17142857142857137
Tesla_Software_Compliance_Engineer,"{'Communication', 'Testing', 'Python', 'C++', 'C', 'Debugging', 'Java'}","{'Test Engineering', 'Stakeholder Management', 'Web development', 'Simulink', 'Collaboration', 'Data analysis', 'Power quality knowledge', 'Power system knowledge', 'Standards Implementation', 'Software architecture', 'Embedded environments/protocols', 'Golang', 'Modeling', 'Matlab', 'Interpersonal Skills', 'Development', 'SQL', 'Programming', 'C#', 'SIL/HIL/Integration testing', 'System Design', 'Innovation', 'Rust', 'Measurement techniques', 'Validation', 'Modeling and simulation', 'NoSQL', 'Simulation', 'Compute technologies', 'Firmware Development', 'Prioritization'}","[('CS314', ['Communication', 'Java']), ('CS165', ['Java']), ('CS150', ['Python']), ('CS162', ['Java']), ('CS270', ['C++', 'C']), ('CS345', ['Python']), ('CS320', ['Python']), ('CS164', ['Java', 'Debugging', 'Testing']), ('CS220', ['Python']), ('CS214', ['Java', 'Debugging']), ('CS445', ['Python'])]",0.1842105263157895
Tesla_Software_Engineer_Firmware,"{'Communication', 'Static Analysis', 'C', 'Debugging', 'Software Design'}","{'Software Development Tools', 'Analytical skills', 'Hardware design', 'Test-driven Development', 'Code optimization', 'Assembly Language', 'Embedded microprocessor', 'Collaboration', 'Embedded Development', 'robotics', 'Software Systems', 'Fuzzing', 'Problem Solving Skills', 'Software Development', 'Automated tests', 'Knowledge sharing', 'Implementation', 'Programming', 'Design', 'Testing/Verification Tools', 'Innovation', 'Embedded systems', 'Embedded Software Development', 'Performance and optimization trade-offs', 'Real-time embedded environment', 'System debugging', 'Real-time Controls', 'Algorithm Development'}","[('CS314', ['Communication']), ('CS270', ['C']), ('CS415', ['Static Analysis']), ('CS164', ['Debugging']), ('CS214', ['Software Design', 'Debugging'])]",0.1515151515151515
Tesla_Software_Engineer_Recruiting,"{'Design Patterns', 'Optimization', 'Web Applications'}","{'Leadership', 'Collaboration', 'Maintaining software applications', 'TypeScript', 'JavaScript', 'Code quality', 'Web development', 'SQL', 'Creative Solutions', 'Problem Solving Skills', 'Design', 'Compute technologies', 'Performance', 'Enhancing existing functionality', 'Golang', 'Vue'}","[('CS314', ['Optimization']), ('CS414', ['Design Patterns']), ('CS312', ['Web Applications'])]",0.1578947368421053
Yahoo_Frontend_Software_Dev_Engineer,"{'Python', 'Web Applications', 'Regression Testing', 'Teamwork', 'Java'}","{'Analytical skills', 'TypeScript', 'Web development', 'Yaml', 'Code Review', 'Team collaboration', 'Collaboration', 'Data analysis', 'Unit testing', 'REST APIs', 'CSS', 'Software Systems', 'Problem Solving Skills', 'Continuous integration', 'Node.js', 'Large-scale systems', 'Knowledge sharing', 'Data processing', 'React.js', 'Cross-functional collaboration', 'Web Services', 'Development', 'System Development', 'Ad hoc analyses', 'Design', 'Support Applications', 'Innovation', 'Efficiency', 'Business operations', 'Product Management', 'PHP', 'HTML', 'Quality focus'}","[('CS314', ['Java', 'Teamwork']), ('CS165', ['Java']), ('CS150', ['Python']), ('CS162', ['Java']), ('CS345', ['Python']), ('CS320', ['Python']), ('CS415', ['Regression Testing']), ('CS164', ['Java']), ('CS220', ['Python']), ('CS214', ['Java']), ('CS312', ['Web Applications']), ('CS445', ['Python'])]",0.13157894736842102
Yahoo_Software_Dev_Engineer,"{'Communication', 'Clean Code', 'Refactoring', 'Teamwork', 'Java', 'Microservices'}","{'Analytical skills', 'Code Review', 'Apache Druid', 'Cloud computing', 'Collaboration', 'Technical leadership', 'Unit testing', 'Problem Solving Skills', 'Database management', 'Public clouds', 'Software Development', 'Large-scale systems', 'Interpersonal Skills', 'React.js', 'Production code', 'Development', 'JavaScript', 'System architecture', 'SQL', 'Coding skills', 'Kubernetes', 'Innovation', 'Reporting', 'Efficiency', 'RabbitMQ', 'Scala', 'Spring Boot', 'Performance optimization', 'NoSQL', 'Product Decisions', 'MongoDB', 'Elasticsearch'}","[('CS314', ['Communication', 'Clean Code', 'Refactoring', 'Teamwork', 'Java']), ('CS165', ['Java']), ('CS162', ['Java']), ('CS414', ['Refactoring']), ('CS164', ['Java']), ('CS214', ['Refactoring', 'Java']), ('CS312', ['Microservices'])]",0.1578947368421053
